TransactionID,TransactionAmount,TransactionTime,MerchantCategory,CustomerAge,CustomerGender,CustomerIncome,TransactionLocation,PreviousFraudCount,Fraud
1,380.79,8.97,Travel,68,Male,166232,Rural,4,0
2,951.21,26.06,Restaurant,64,Female,185070,Urban,0,0
3,734.67,41.91,Restaurant,80,Female,178302,Rural,3,1
4,602.67,35.17,Restaurant,64,Female,160148,Suburban,5,1
5,164.46,38.73,Travel,21,Female,89341,Suburban,1,0
6,164.43,31.66,Online,24,Female,51085,Rural,0,0
7,67.5,33.26,Travel,62,Male,75571,Suburban,2,0
8,867.51,40.78,Online,52,Male,165787,Urban,1,1
9,605.1,12.06,Travel,65,Female,148308,Rural,0,1
10,710.99,23.54,Travel,80,Female,25750,Urban,4,1
11,30.38,10.7,Online,26,Male,133931,Rural,2,0
12,970.21,47.41,Restaurant,25,Male,98768,Suburban,4,1
13,834.12,45.32,Online,69,Male,55903,Rural,5,1
14,220.22,1.99,Retail,62,Male,183165,Rural,0,0
15,190.01,33.9,Retail,34,Female,111036,Urban,4,1
16,191.57,44.42,Online,34,Male,107954,Suburban,5,0
17,311.2,8.75,Travel,66,Female,185386,Urban,0,0
18,529.51,27.3,Retail,50,Male,199297,Suburban,0,0
19,437.63,43.95,Retail,49,Male,103014,Urban,4,0
20,298.32,1.73,Travel,25,Male,186251,Rural,0,0
21,615.73,33.51,Travel,36,Female,137305,Urban,1,0
22,148.1,14.34,Restaurant,80,Female,176410,Suburban,0,0
23,299.22,44.38,Travel,55,Male,52101,Suburban,3,1
24,372.7,46.61,Online,20,Female,22775,Rural,5,1
25,461.51,45.33,Online,76,Female,131497,Suburban,0,0
26,787.32,22.81,Restaurant,22,Male,65619,Urban,3,1
27,207.68,41.39,Retail,30,Male,196910,Rural,0,0
28,519.09,40.55,Retail,64,Female,170611,Suburban,0,1
29,596.49,15.38,Travel,63,Female,77124,Suburban,4,1
30,55.99,39.81,Online,78,Female,85149,Urban,1,0
31,611.47,1.87,Retail,48,Male,46616,Urban,5,1
32,178.82,28.66,Restaurant,72,Male,188171,Rural,1,0
33,74.4,11.12,Restaurant,33,Female,81799,Suburban,2,0
34,949.4,5.88,Online,67,Male,110221,Urban,4,1
35,965.98,3.79,Restaurant,49,Male,134879,Rural,4,1
36,810.31,33.45,Restaurant,39,Female,45479,Suburban,1,0
37,311.57,16.38,Online,46,Female,197244,Suburban,4,0
38,106.7,34.82,Travel,39,Male,119165,Rural,1,0
39,687.39,3.23,Travel,60,Male,75863,Rural,4,1
40,445.75,15.2,Restaurant,20,Female,193115,Urban,0,0
41,130.82,25.94,Travel,71,Male,102569,Suburban,1,0
42,500.23,37.98,Travel,27,Male,166480,Suburban,1,0
43,44.04,15.37,Restaurant,59,Female,36351,Suburban,3,1
44,910.23,30.08,Travel,79,Female,155203,Rural,4,1
45,266.19,42.54,Restaurant,38,Male,64825,Urban,4,1
46,665.9,29.6,Retail,33,Male,31349,Suburban,1,0
47,318.59,11.26,Online,29,Male,64254,Rural,0,0
48,524.87,1.27,Online,19,Female,58225,Suburban,0,0
49,551.24,41.78,Travel,58,Male,32453,Urban,5,1
50,193.01,1.12,Travel,41,Male,169886,Suburban,0,0
51,969.89,42.0,Travel,52,Female,169335,Urban,4,1
52,777.38,25.44,Online,73,Female,97694,Urban,3,1
53,940.1,45.08,Retail,47,Male,35735,Suburban,1,1
54,895.88,38.36,Retail,74,Female,166902,Suburban,2,1
55,601.92,47.9,Online,47,Female,67893,Urban,3,1
56,922.66,16.9,Retail,64,Male,195745,Rural,2,0
57,97.61,36.85,Online,52,Female,147006,Urban,3,0
58,204.02,19.35,Retail,36,Female,65066,Suburban,0,0
59,54.78,23.09,Restaurant,67,Male,154445,Suburban,4,1
60,332.08,30.16,Restaurant,25,Female,161407,Rural,2,0
61,394.79,41.95,Online,43,Male,174813,Urban,3,1
62,278.64,47.24,Retail,66,Male,30692,Urban,4,1
63,830.45,36.9,Travel,57,Female,198367,Urban,2,1
64,363.19,20.11,Retail,24,Female,65541,Suburban,1,0
65,288.13,20.28,Restaurant,47,Female,185129,Urban,3,1
66,547.27,35.43,Restaurant,24,Male,86983,Rural,1,0
67,149.51,11.54,Retail,20,Female,170655,Suburban,0,0
68,804.18,5.39,Retail,18,Male,173837,Suburban,1,1
69,83.81,17.09,Travel,53,Female,174978,Urban,1,0
70,987.02,13.86,Travel,42,Female,140747,Rural,5,1
71,774.52,14.29,Retail,54,Female,105103,Suburban,3,1
72,206.73,11.29,Retail,18,Male,197597,Suburban,0,0
73,15.47,2.12,Retail,32,Female,189302,Urban,1,0
74,817.31,0.96,Retail,54,Female,170592,Urban,4,1
75,709.79,47.41,Online,30,Male,45566,Rural,2,0
76,731.72,20.59,Retail,57,Male,93193,Urban,1,0
77,773.56,18.51,Travel,25,Female,181206,Rural,0,1
78,83.3,32.66,Restaurant,22,Female,161417,Suburban,1,0
79,364.88,10.55,Online,77,Female,141015,Rural,2,0
80,124.71,45.6,Retail,26,Male,192257,Rural,0,0
81,864.47,37.77,Restaurant,80,Male,150956,Rural,3,1
82,627.07,4.38,Online,18,Male,90744,Suburban,0,0
83,337.59,20.1,Restaurant,53,Male,53455,Urban,3,0
84,72.92,42.21,Retail,52,Female,179090,Suburban,0,0
85,317.87,45.35,Retail,19,Male,74219,Urban,2,0
86,331.93,22.49,Travel,80,Male,65991,Rural,2,0
87,732.31,29.48,Retail,57,Male,93616,Rural,0,0
88,641.18,8.1,Retail,40,Female,107438,Rural,1,0
89,888.34,47.58,Online,26,Female,136841,Rural,2,0
90,477.49,11.2,Travel,51,Male,160558,Rural,3,0
91,128.4,45.26,Online,63,Male,189934,Urban,3,0
92,716.11,31.22,Restaurant,31,Female,78870,Urban,4,1
93,763.18,29.21,Retail,21,Female,106694,Rural,5,1
94,565.66,24.66,Restaurant,47,Female,63856,Suburban,5,1
95,773.26,11.15,Online,48,Female,121407,Suburban,5,1
96,498.86,8.56,Retail,55,Female,51379,Rural,3,1
97,527.51,10.66,Retail,28,Female,84729,Urban,4,1
98,433.27,9.03,Online,52,Female,179450,Suburban,5,0
99,35.16,37.44,Online,25,Female,74353,Suburban,5,0
100,116.81,16.87,Online,20,Male,34031,Suburban,0,0
101,41.11,2.87,Online,31,Male,85982,Rural,0,0
102,640.05,46.52,Online,77,Male,56683,Suburban,0,0
103,321.21,42.43,Retail,30,Male,134091,Suburban,1,0
104,513.48,44.54,Online,62,Male,137797,Suburban,5,1
105,908.49,47.76,Retail,49,Male,168690,Suburban,1,0
106,256.8,8.43,Retail,51,Female,26587,Urban,4,1
107,416.28,19.08,Online,62,Female,82790,Rural,3,1
108,758.0,36.42,Online,78,Male,51480,Rural,5,1
109,236.51,33.44,Travel,36,Male,171599,Urban,3,0
110,86.21,7.47,Retail,76,Female,43569,Urban,0,0
111,296.85,39.18,Online,55,Female,31151,Rural,5,0
112,169.61,10.85,Online,33,Female,64739,Suburban,2,0
113,930.4,10.82,Online,19,Male,52954,Suburban,1,1
114,810.04,25.82,Travel,57,Female,129373,Rural,1,1
115,637.07,28.5,Travel,34,Male,186375,Suburban,5,1
116,872.75,27.89,Restaurant,72,Male,54700,Urban,0,0
117,805.64,4.48,Retail,51,Female,143728,Suburban,1,0
118,194.7,42.13,Restaurant,59,Female,86788,Suburban,0,0
119,893.63,12.82,Online,77,Male,91045,Suburban,4,1
120,543.95,6.3,Travel,33,Female,188914,Rural,3,1
121,809.37,42.67,Travel,55,Female,164972,Urban,2,1
122,897.13,45.88,Restaurant,77,Male,147992,Suburban,3,1
123,324.82,41.4,Travel,19,Female,100059,Rural,3,1
124,118.95,38.88,Online,19,Male,21881,Suburban,4,0
125,235.66,31.49,Travel,43,Male,184109,Urban,1,0
126,432.84,26.49,Restaurant,30,Female,152702,Suburban,2,0
127,819.83,4.27,Online,73,Male,40789,Urban,1,0
128,862.12,19.66,Restaurant,64,Male,146083,Suburban,5,1
129,16.88,17.95,Travel,48,Female,108059,Urban,3,0
130,515.64,12.54,Restaurant,77,Female,66151,Suburban,5,1
131,423.24,34.75,Restaurant,51,Female,199992,Urban,0,0
132,229.89,23.85,Retail,56,Male,129388,Suburban,3,1
133,128.67,3.98,Travel,20,Male,23262,Suburban,1,0
134,344.24,10.65,Travel,25,Female,86981,Rural,3,1
135,943.48,32.83,Restaurant,40,Male,140951,Rural,0,0
136,329.97,3.75,Retail,31,Female,143099,Urban,4,0
137,523.6,40.87,Travel,73,Female,101972,Suburban,5,1
138,705.99,23.82,Online,79,Male,95485,Urban,5,1
139,369.99,23.12,Restaurant,72,Female,74722,Rural,1,0
140,972.06,28.48,Travel,44,Male,109499,Urban,3,1
141,962.82,39.6,Online,71,Male,181004,Urban,1,1
142,259.26,16.76,Travel,46,Female,26901,Rural,4,1
143,502.28,32.58,Online,56,Male,137473,Suburban,3,1
144,307.87,27.2,Restaurant,70,Female,28597,Urban,3,0
145,291.99,12.89,Travel,56,Male,149631,Rural,1,0
146,46.52,42.19,Travel,18,Male,83909,Suburban,1,0
147,613.47,38.3,Retail,34,Male,92391,Rural,0,0
148,507.65,31.64,Restaurant,58,Female,159335,Urban,4,1
149,60.96,40.84,Online,47,Male,83293,Suburban,0,0
150,285.86,41.64,Travel,70,Female,176877,Suburban,5,1
151,909.18,34.03,Travel,30,Male,31874,Rural,3,1
152,247.17,40.19,Online,38,Male,106402,Rural,1,0
153,153.45,33.51,Restaurant,36,Female,34079,Rural,3,1
154,494.56,32.68,Retail,70,Female,92779,Suburban,3,1
155,985.79,29.73,Retail,36,Female,115408,Suburban,2,0
156,249.63,36.16,Travel,74,Female,160090,Urban,5,0
157,675.41,7.7,Online,42,Female,140606,Suburban,2,0
158,764.0,42.29,Travel,39,Male,140062,Urban,3,1
159,245.26,41.86,Online,48,Male,32100,Rural,1,0
160,730.93,1.5,Retail,34,Female,77021,Rural,3,1
161,374.11,39.66,Restaurant,72,Male,170872,Suburban,5,0
162,635.98,6.27,Online,40,Male,148126,Rural,2,1
163,637.19,16.15,Retail,49,Male,112446,Rural,1,0
164,540.42,35.71,Travel,79,Female,49437,Suburban,3,1
165,99.39,7.8,Online,27,Male,197747,Urban,4,1
166,836.95,39.28,Restaurant,27,Male,171014,Suburban,5,1
167,327.57,39.96,Travel,53,Male,40862,Urban,5,1
168,194.65,24.41,Travel,25,Female,31669,Suburban,4,1
169,50.37,0.41,Retail,71,Male,141219,Suburban,3,1
170,594.98,13.85,Online,69,Male,35916,Rural,5,1
171,680.79,29.65,Travel,37,Female,30878,Suburban,1,0
172,26.42,47.1,Restaurant,49,Female,22985,Suburban,3,0
173,516.97,30.36,Online,67,Male,61235,Urban,3,1
174,234.23,12.54,Restaurant,31,Male,38931,Rural,2,0
175,648.72,30.47,Travel,67,Female,112876,Urban,5,1
176,182.62,25.97,Restaurant,45,Female,20336,Urban,5,0
177,694.03,37.45,Retail,63,Female,62933,Rural,4,1
178,392.87,5.22,Restaurant,69,Female,65536,Rural,2,0
179,937.36,36.55,Online,70,Female,89504,Rural,2,0
180,146.15,26.03,Restaurant,41,Female,119214,Suburban,5,0
181,347.66,46.23,Restaurant,32,Female,133936,Rural,3,1
182,122.34,16.48,Retail,39,Male,36279,Rural,2,0
183,925.45,30.4,Restaurant,47,Female,123751,Rural,4,1
184,878.57,44.74,Restaurant,80,Female,124433,Urban,2,0
185,265.36,5.01,Travel,21,Male,91386,Urban,4,1
186,663.38,44.99,Travel,30,Female,106124,Suburban,2,1
187,819.05,33.05,Online,76,Female,125750,Urban,4,1
188,559.65,3.35,Travel,40,Male,97485,Suburban,2,1
189,534.35,14.52,Travel,25,Female,94055,Urban,2,0
190,249.43,34.02,Travel,35,Male,111911,Rural,1,0
191,102.17,3.33,Travel,29,Male,118618,Urban,4,1
192,898.24,27.99,Retail,72,Male,133892,Suburban,4,1
193,901.41,16.67,Travel,48,Male,91128,Urban,4,1
194,636.77,29.84,Retail,31,Female,169180,Rural,0,0
195,345.64,2.29,Retail,51,Male,72495,Suburban,2,0
196,355.72,41.85,Travel,35,Male,102806,Rural,4,1
197,728.7,46.73,Restaurant,73,Female,113185,Rural,5,1
198,898.14,46.51,Retail,51,Male,190591,Suburban,0,1
199,888.22,36.01,Restaurant,80,Male,69649,Rural,1,1
200,782.08,6.33,Restaurant,28,Male,185596,Rural,4,1
201,645.61,36.42,Travel,58,Male,184957,Urban,4,1
202,93.3,1.28,Online,29,Female,195441,Rural,0,0
203,170.01,1.16,Travel,66,Male,115402,Rural,2,0
204,899.57,15.6,Online,32,Female,50676,Rural,5,1
205,610.36,23.51,Online,74,Female,84093,Rural,1,1
206,19.11,37.0,Travel,48,Male,198836,Suburban,4,0
207,110.46,32.83,Travel,66,Male,99414,Urban,2,0
208,666.87,21.46,Online,75,Male,113095,Rural,5,1
209,15.01,13.21,Travel,46,Male,92307,Rural,5,1
210,169.2,47.86,Online,43,Female,115432,Suburban,1,0
211,553.25,20.51,Restaurant,35,Female,51923,Rural,3,1
212,694.98,21.72,Travel,49,Female,137449,Suburban,5,1
213,655.44,7.94,Restaurant,39,Male,67574,Urban,3,1
214,232.03,38.17,Retail,55,Female,194463,Urban,5,1
215,715.06,33.33,Restaurant,34,Male,141757,Rural,1,0
216,244.88,10.67,Restaurant,40,Male,73664,Rural,0,0
217,332.15,4.05,Online,41,Male,87384,Rural,1,0
218,749.03,32.7,Restaurant,67,Male,51027,Suburban,1,1
219,653.14,31.45,Travel,25,Male,186536,Rural,0,0
220,850.73,13.19,Online,58,Female,54485,Rural,0,1
221,661.04,45.65,Retail,23,Female,170528,Urban,2,1
222,572.63,7.34,Travel,22,Male,55554,Rural,5,1
223,102.74,20.81,Retail,61,Female,66922,Urban,2,0
224,374.04,45.3,Restaurant,74,Male,33409,Rural,0,0
225,272.55,20.2,Travel,46,Male,56639,Urban,3,1
226,251.55,30.69,Travel,45,Male,39692,Rural,3,1
227,973.28,19.14,Retail,28,Female,109037,Urban,1,1
228,399.17,13.23,Travel,74,Male,38074,Suburban,4,0
229,893.13,47.23,Travel,18,Male,166621,Urban,1,1
230,634.83,19.71,Travel,60,Female,49963,Urban,1,0
231,796.86,42.93,Restaurant,36,Female,72265,Urban,4,1
232,507.61,11.11,Retail,26,Female,36061,Rural,5,1
233,581.13,10.31,Travel,44,Male,179882,Rural,0,0
234,497.59,1.59,Online,51,Male,133502,Rural,3,1
235,203.29,31.31,Online,61,Female,42800,Suburban,1,0
236,725.23,17.75,Online,21,Male,136192,Suburban,4,1
237,287.96,41.5,Online,53,Female,127228,Urban,2,0
238,34.07,22.77,Restaurant,35,Female,48054,Suburban,1,0
239,649.02,46.48,Travel,32,Male,196469,Urban,3,1
240,185.34,8.99,Retail,68,Male,33233,Urban,0,0
241,941.05,41.71,Travel,30,Female,176140,Urban,1,1
242,954.39,37.3,Restaurant,36,Female,85727,Suburban,1,0
243,915.72,37.03,Online,66,Female,110610,Rural,5,1
244,376.46,40.57,Restaurant,23,Female,90453,Suburban,4,1
245,25.3,36.55,Travel,65,Male,124135,Urban,2,0
246,929.04,30.1,Retail,73,Female,176904,Urban,2,0
247,433.9,6.39,Restaurant,29,Female,128464,Suburban,0,0
248,966.99,1.66,Retail,68,Female,33682,Urban,3,1
249,963.98,44.21,Restaurant,54,Male,174455,Urban,0,1
250,854.48,29.64,Retail,34,Male,78160,Suburban,1,0
251,301.5,38.25,Retail,75,Female,43666,Suburban,1,0
252,391.25,23.16,Online,40,Male,78817,Suburban,2,0
253,852.63,5.72,Retail,43,Male,111198,Urban,3,1
254,323.75,6.1,Online,46,Male,185714,Urban,4,1
255,177.8,32.94,Travel,50,Female,61830,Rural,3,0
256,561.23,20.71,Travel,77,Female,30234,Rural,1,0
257,936.79,9.71,Online,44,Male,77616,Suburban,4,1
258,699.07,23.65,Online,42,Female,29221,Rural,3,1
259,574.36,3.18,Restaurant,73,Female,162482,Urban,3,1
260,106.2,27.98,Restaurant,72,Male,21051,Rural,4,0
261,618.86,12.98,Restaurant,27,Male,130529,Urban,1,0
262,990.15,38.3,Travel,64,Female,96918,Suburban,3,1
263,148.68,14.97,Restaurant,40,Male,98116,Suburban,4,1
264,523.15,21.91,Retail,38,Female,142226,Urban,5,1
265,878.6,0.66,Retail,38,Female,64757,Rural,5,1
266,743.36,3.57,Restaurant,60,Male,141008,Suburban,1,0
267,700.05,18.9,Retail,30,Female,151379,Suburban,4,1
268,705.46,23.09,Travel,54,Female,76889,Rural,5,1
269,365.9,28.84,Retail,50,Male,55944,Rural,4,0
270,300.66,14.07,Travel,41,Male,119555,Urban,3,0
271,811.27,33.39,Online,61,Male,58134,Rural,1,0
272,812.01,41.3,Online,28,Female,178395,Rural,5,1
273,868.4,37.45,Online,34,Male,45954,Rural,3,1
274,914.11,2.0,Online,21,Male,109959,Urban,0,1
275,516.23,23.12,Retail,64,Male,24992,Urban,0,0
276,506.5,5.13,Restaurant,42,Male,21961,Suburban,1,1
277,800.31,11.69,Retail,47,Female,32497,Urban,5,1
278,653.46,47.36,Travel,26,Female,183623,Suburban,5,1
279,704.95,6.93,Retail,38,Male,33255,Rural,5,1
280,797.83,24.0,Retail,37,Female,155639,Suburban,4,1
281,891.11,29.71,Travel,36,Male,68847,Suburban,3,1
282,344.62,33.75,Online,36,Male,199075,Rural,5,1
283,381.83,26.91,Online,29,Female,40389,Suburban,3,0
284,103.04,0.57,Online,54,Female,195595,Urban,1,0
285,582.5,15.74,Restaurant,59,Male,143802,Urban,5,1
286,45.58,24.9,Travel,34,Male,81576,Urban,1,0
287,470.94,4.31,Travel,54,Female,63919,Urban,5,1
288,547.22,16.9,Retail,71,Male,23358,Suburban,0,1
289,293.68,1.69,Restaurant,65,Female,108535,Suburban,2,0
290,594.92,3.86,Online,56,Male,125982,Rural,1,1
291,40.2,19.11,Restaurant,45,Male,25698,Suburban,5,1
292,46.97,6.46,Travel,58,Female,86809,Suburban,2,0
293,824.37,27.29,Travel,52,Female,113079,Suburban,1,0
294,366.59,33.13,Retail,64,Female,75805,Rural,4,1
295,135.79,38.45,Retail,65,Female,182421,Urban,5,1
296,527.02,9.69,Travel,35,Female,95033,Suburban,4,1
297,772.29,8.12,Online,31,Female,118239,Rural,0,0
298,223.66,5.11,Online,52,Female,150407,Rural,5,0
299,626.66,30.59,Restaurant,61,Male,64041,Rural,0,0
300,94.49,33.94,Travel,58,Male,51954,Urban,2,0
301,61.16,1.61,Travel,77,Male,28002,Suburban,1,0
302,536.04,44.94,Online,24,Female,89783,Rural,3,1
303,545.23,2.59,Online,58,Female,127524,Urban,0,1
304,641.06,26.03,Travel,30,Female,144857,Rural,3,1
305,728.83,34.06,Retail,35,Male,39738,Rural,3,1
306,976.09,41.82,Travel,54,Female,30703,Rural,1,0
307,521.14,34.3,Travel,30,Female,133776,Rural,2,1
308,329.73,38.5,Online,53,Male,163464,Rural,1,0
309,797.23,16.36,Online,48,Female,64724,Urban,5,1
310,278.12,39.13,Retail,19,Male,52299,Suburban,0,0
311,444.58,3.94,Retail,33,Male,35641,Suburban,3,1
312,87.67,42.96,Restaurant,26,Female,99534,Suburban,1,0
313,35.1,26.33,Travel,26,Female,26305,Suburban,1,0
314,963.02,39.25,Online,55,Female,38782,Urban,1,0
315,837.62,21.77,Retail,28,Male,98257,Urban,0,0
316,699.01,30.93,Restaurant,71,Male,97963,Urban,2,0
317,414.86,25.31,Restaurant,73,Male,141987,Rural,1,0
318,181.56,35.14,Online,39,Female,171638,Rural,0,0
319,164.87,4.01,Online,50,Female,144591,Rural,3,1
320,257.74,2.99,Restaurant,53,Female,87766,Suburban,5,1
321,553.73,11.94,Retail,62,Female,26511,Rural,4,1
322,717.45,7.74,Restaurant,40,Male,134816,Suburban,0,1
323,663.6,41.86,Travel,62,Male,177249,Rural,4,1
324,287.13,10.6,Travel,62,Male,24765,Suburban,1,0
325,955.32,46.84,Online,51,Male,171426,Rural,1,0
326,740.52,16.24,Retail,26,Female,43929,Rural,0,0
327,558.81,8.82,Retail,41,Female,179892,Urban,4,1
328,615.6,37.93,Travel,25,Female,131576,Rural,1,1
329,425.4,31.65,Restaurant,24,Male,180595,Rural,3,1
330,255.25,23.96,Online,53,Male,91088,Urban,2,0
331,362.41,26.7,Restaurant,35,Female,97525,Suburban,2,0
332,760.27,34.55,Restaurant,20,Female,33780,Urban,1,1
333,24.25,11.04,Restaurant,45,Male,26589,Urban,4,1
334,124.91,47.82,Retail,23,Female,185884,Suburban,5,1
335,55.54,46.79,Travel,61,Male,113664,Rural,1,0
336,50.32,31.25,Retail,61,Male,197011,Suburban,5,0
337,856.91,9.66,Travel,38,Male,124188,Rural,5,1
338,706.62,32.68,Online,45,Female,113326,Rural,4,1
339,479.43,3.56,Online,57,Female,60953,Suburban,5,1
340,106.86,1.57,Restaurant,71,Male,85785,Urban,3,1
341,496.7,12.44,Travel,71,Female,39309,Suburban,4,1
342,478.74,22.26,Travel,18,Male,74195,Rural,1,0
343,181.47,41.69,Travel,53,Male,45901,Suburban,3,1
344,439.51,34.93,Restaurant,38,Male,174648,Suburban,0,0
345,404.52,35.68,Restaurant,77,Male,182580,Rural,2,0
346,619.69,20.48,Online,60,Female,45464,Urban,1,1
347,638.74,16.67,Retail,52,Male,36260,Suburban,1,0
348,54.85,17.87,Travel,30,Male,144997,Rural,1,0
349,380.87,47.41,Travel,74,Female,55440,Rural,3,0
350,629.6,2.02,Retail,66,Male,115082,Suburban,0,0
351,508.1,41.63,Travel,71,Male,125583,Urban,4,1
352,857.92,27.82,Restaurant,71,Female,76683,Suburban,0,1
353,662.11,21.11,Restaurant,27,Female,144206,Urban,3,1
354,171.31,34.84,Travel,70,Female,192502,Urban,1,0
355,79.86,23.41,Restaurant,61,Male,153059,Urban,2,0
356,646.0,41.94,Restaurant,64,Female,176177,Urban,1,1
357,36.25,43.24,Travel,70,Female,98484,Suburban,4,1
358,589.92,20.3,Online,27,Male,164098,Rural,5,1
359,940.83,13.36,Retail,63,Male,88309,Rural,2,0
360,579.72,28.47,Restaurant,30,Male,65927,Rural,1,0
361,394.29,43.8,Online,54,Male,62946,Rural,2,0
362,646.86,10.19,Restaurant,55,Male,146503,Rural,5,1
363,463.67,29.94,Restaurant,41,Female,161449,Rural,0,0
364,550.16,30.35,Retail,19,Female,73592,Suburban,3,1
365,942.05,35.22,Restaurant,39,Female,158419,Urban,1,0
366,392.24,6.4,Retail,34,Male,53776,Rural,4,1
367,961.58,34.39,Retail,53,Male,154855,Suburban,0,1
368,906.3,43.64,Retail,31,Male,75798,Rural,1,1
369,203.83,8.71,Online,27,Female,155370,Rural,0,0
370,78.67,11.48,Travel,52,Female,90204,Urban,4,1
371,109.77,46.63,Online,42,Male,106207,Urban,1,0
372,28.04,8.77,Travel,20,Female,120356,Urban,5,1
373,103.5,41.03,Travel,64,Male,80652,Rural,5,1
374,686.18,23.68,Retail,55,Female,185556,Rural,4,1
375,80.48,11.94,Restaurant,34,Female,149572,Rural,2,0
376,325.79,41.81,Retail,29,Female,40922,Urban,4,0
377,846.43,21.43,Restaurant,71,Male,185100,Suburban,2,1
378,33.04,24.76,Travel,69,Female,171388,Rural,1,0
379,816.32,17.31,Retail,41,Female,96996,Rural,2,1
380,289.04,28.5,Restaurant,46,Male,168040,Rural,1,0
381,126.98,7.93,Online,60,Female,50266,Suburban,1,0
382,699.77,18.83,Restaurant,42,Male,175072,Rural,3,1
383,632.65,46.53,Retail,53,Male,165083,Suburban,1,1
384,878.7,12.46,Online,75,Male,22866,Rural,2,1
385,737.72,31.56,Restaurant,77,Male,132669,Suburban,3,1
386,805.45,15.68,Restaurant,43,Male,25898,Rural,3,1
387,289.21,37.15,Restaurant,55,Female,38395,Urban,1,0
388,185.67,6.37,Restaurant,18,Male,190091,Urban,4,0
389,753.11,46.55,Restaurant,37,Male,24006,Urban,4,1
390,808.77,21.84,Online,72,Male,185465,Urban,5,1
391,990.6,11.41,Travel,45,Male,30956,Rural,3,1
392,418.49,3.62,Online,33,Female,157150,Urban,1,0
393,378.3,8.23,Online,64,Male,180703,Suburban,4,0
394,778.65,25.0,Online,34,Female,115676,Urban,1,0
395,347.4,16.24,Travel,57,Male,141724,Urban,1,0
396,931.45,39.8,Retail,45,Female,82901,Urban,3,1
397,859.83,20.74,Travel,75,Male,127227,Rural,5,1
398,434.7,12.01,Online,29,Male,137192,Urban,3,0
399,753.36,29.66,Restaurant,44,Female,192646,Suburban,0,1
400,757.0,33.95,Restaurant,71,Male,51417,Urban,4,1
401,112.09,8.1,Online,70,Female,108020,Urban,4,0
402,903.53,8.13,Restaurant,59,Male,103639,Urban,4,1
403,510.2,1.86,Online,76,Female,114881,Suburban,2,0
404,828.19,35.37,Restaurant,64,Male,190526,Urban,1,1
405,326.85,31.9,Travel,47,Male,152659,Suburban,3,1
406,896.57,22.83,Retail,58,Female,141688,Suburban,4,1
407,395.31,40.54,Retail,51,Male,135584,Urban,0,0
408,20.73,38.69,Travel,54,Male,106567,Suburban,4,1
409,906.33,28.14,Travel,23,Male,95886,Rural,5,1
410,100.37,41.69,Online,24,Male,169888,Urban,1,0
411,326.12,9.96,Online,49,Male,49432,Urban,1,0
412,950.56,5.46,Online,49,Male,199689,Suburban,3,1
413,951.1,13.02,Restaurant,70,Female,92373,Suburban,2,0
414,577.7,2.83,Online,42,Female,185289,Urban,3,1
415,635.52,25.54,Travel,50,Female,40884,Rural,4,1
416,453.96,44.96,Retail,72,Male,25454,Suburban,5,1
417,300.28,1.98,Restaurant,75,Female,94960,Suburban,0,0
418,335.38,5.95,Online,24,Male,122421,Rural,3,1
419,675.79,21.76,Restaurant,69,Male,63618,Rural,2,1
420,754.85,44.83,Restaurant,74,Male,67111,Urban,3,1
421,793.66,15.24,Online,79,Male,190685,Rural,1,1
422,791.72,24.4,Restaurant,29,Female,140592,Urban,4,1
423,100.29,2.09,Retail,33,Male,79993,Rural,4,0
424,499.48,7.21,Travel,33,Female,148652,Suburban,4,1
425,66.98,47.36,Travel,60,Male,159920,Urban,4,1
426,554.03,46.33,Retail,70,Female,98672,Urban,4,1
427,447.12,0.34,Restaurant,53,Female,86125,Urban,4,0
428,888.83,45.69,Online,30,Female,137509,Rural,0,1
429,357.41,30.71,Restaurant,24,Female,81602,Suburban,2,0
430,125.9,41.67,Retail,53,Female,62222,Urban,4,0
431,151.56,21.88,Restaurant,64,Female,69223,Urban,2,0
432,763.9,24.8,Travel,68,Male,85333,Urban,5,1
433,622.04,23.52,Restaurant,26,Female,142650,Urban,4,1
434,110.11,32.04,Retail,49,Male,69420,Suburban,3,1
435,93.27,6.79,Travel,28,Female,95504,Rural,4,1
436,703.96,1.54,Restaurant,25,Male,22462,Suburban,1,1
437,82.04,14.85,Restaurant,50,Female,29460,Urban,0,0
438,823.64,33.85,Travel,40,Female,119319,Suburban,3,1
439,709.18,9.77,Online,42,Male,160347,Urban,3,1
440,90.54,32.36,Travel,73,Female,164341,Rural,1,0
441,93.99,46.56,Online,25,Female,149593,Rural,4,0
442,986.77,4.6,Retail,62,Female,142672,Rural,0,0
443,380.53,32.32,Retail,39,Male,92920,Urban,3,1
444,376.94,21.36,Travel,76,Female,42553,Suburban,0,0
445,814.67,41.68,Travel,21,Male,175438,Rural,3,1
446,947.78,8.59,Retail,57,Female,64036,Urban,4,1
447,986.14,33.28,Online,20,Female,168441,Urban,5,1
448,755.84,40.25,Retail,46,Male,162867,Suburban,3,1
449,382.5,45.35,Travel,58,Female,90021,Rural,5,1
450,92.67,32.83,Retail,46,Female,127205,Urban,3,0
451,779.38,23.91,Travel,51,Male,181215,Suburban,2,1
452,562.82,29.69,Travel,51,Female,180497,Rural,4,1
453,429.98,41.72,Retail,45,Male,108209,Suburban,1,0
454,907.29,27.43,Online,30,Male,95139,Suburban,5,1
455,120.09,1.56,Restaurant,32,Male,25368,Urban,1,0
456,497.7,44.69,Retail,77,Female,155693,Urban,4,1
457,21.24,33.13,Restaurant,40,Male,78829,Urban,1,0
458,473.97,32.5,Retail,61,Male,149036,Suburban,4,1
459,65.74,10.43,Restaurant,43,Female,34719,Urban,1,0
460,127.63,31.66,Online,21,Male,49227,Suburban,5,0
461,126.35,18.97,Online,43,Female,129430,Suburban,2,0
462,652.72,31.29,Retail,57,Female,158638,Urban,1,0
463,748.58,5.21,Travel,26,Female,32306,Rural,5,1
464,587.54,31.61,Restaurant,72,Female,73822,Rural,3,1
465,962.55,47.97,Travel,22,Male,44042,Rural,4,1
466,381.12,2.41,Travel,73,Male,166158,Suburban,0,0
467,292.85,46.91,Travel,49,Male,168459,Suburban,0,0
468,869.91,19.59,Online,37,Male,178114,Suburban,4,1
469,231.36,41.81,Retail,67,Male,109424,Urban,2,0
470,963.59,37.58,Retail,28,Female,169395,Suburban,1,0
471,22.03,27.26,Online,32,Male,38019,Urban,2,0
472,970.18,35.47,Online,49,Male,95426,Urban,0,0
473,52.73,42.18,Retail,45,Male,60863,Rural,5,1
474,892.23,19.46,Travel,39,Female,131023,Rural,4,1
475,532.42,15.76,Restaurant,58,Female,161355,Rural,4,1
476,993.04,32.08,Restaurant,34,Male,169351,Urban,2,0
477,83.06,38.8,Restaurant,76,Female,66999,Urban,5,1
478,558.32,36.61,Travel,43,Male,82780,Urban,2,1
479,969.61,38.32,Retail,61,Male,42908,Suburban,1,0
480,527.87,20.96,Online,24,Female,146278,Urban,3,1
481,633.1,39.27,Retail,59,Female,133002,Rural,5,1
482,698.79,5.86,Travel,74,Male,189024,Rural,3,1
483,460.0,26.18,Online,43,Male,120706,Urban,1,0
484,631.28,0.38,Travel,42,Female,188735,Urban,3,1
485,588.47,15.65,Restaurant,27,Male,142019,Rural,0,0
486,902.15,17.65,Restaurant,76,Female,129708,Urban,3,1
487,54.99,19.08,Travel,62,Male,199001,Rural,1,0
488,288.15,33.41,Online,36,Female,29343,Suburban,3,1
489,950.91,18.71,Online,28,Male,96173,Rural,4,1
490,891.36,21.59,Retail,30,Male,120260,Suburban,2,1
491,461.1,11.48,Restaurant,70,Female,190863,Urban,0,0
492,623.93,17.98,Retail,25,Male,180206,Urban,4,1
493,284.61,10.99,Retail,57,Male,198173,Suburban,4,1
494,196.24,3.61,Travel,21,Female,89443,Urban,1,0
495,469.06,29.01,Travel,64,Male,77530,Suburban,2,0
496,359.82,32.11,Retail,48,Male,197871,Urban,2,0
497,587.82,29.77,Restaurant,45,Male,155899,Rural,5,1
498,86.96,22.3,Travel,28,Female,116143,Urban,0,0
499,974.65,18.29,Retail,60,Female,164771,Rural,1,0
500,986.35,41.45,Retail,18,Female,134527,Rural,0,1
501,701.18,24.96,Retail,66,Male,156385,Suburban,5,1
502,540.74,23.05,Retail,64,Male,164670,Urban,3,1
503,316.43,1.33,Retail,69,Male,131362,Suburban,4,1
504,815.66,16.45,Retail,55,Male,48807,Urban,0,1
505,687.88,18.31,Travel,41,Female,196298,Rural,4,1
506,170.99,19.2,Restaurant,71,Male,79550,Rural,1,0
507,911.82,27.89,Retail,77,Male,23558,Urban,3,1
508,824.31,25.66,Online,74,Male,70113,Urban,1,0
509,950.3,29.22,Travel,64,Female,72999,Suburban,3,1
510,728.46,36.74,Travel,48,Male,187415,Urban,3,1
511,617.28,39.04,Retail,58,Male,78219,Urban,4,1
512,424.06,34.5,Travel,63,Male,186258,Urban,1,0
513,933.4,45.87,Retail,67,Male,188038,Suburban,1,0
514,867.4,0.97,Restaurant,43,Male,184841,Urban,0,1
515,54.77,9.48,Restaurant,66,Female,73218,Rural,1,0
516,36.1,0.46,Travel,67,Male,39229,Suburban,0,0
517,382.7,31.11,Travel,22,Male,95209,Suburban,2,0
518,812.45,43.12,Online,37,Male,47877,Rural,2,0
519,987.4,11.76,Travel,69,Male,117137,Rural,2,0
520,158.91,44.5,Online,58,Male,58084,Rural,5,0
521,598.19,2.99,Restaurant,28,Male,101780,Urban,1,1
522,387.08,44.86,Restaurant,73,Male,167878,Rural,5,1
523,970.22,16.94,Retail,71,Male,57034,Urban,1,0
524,843.7,4.96,Restaurant,50,Male,191389,Suburban,0,0
525,839.95,23.37,Online,67,Male,75468,Suburban,5,1
526,474.01,12.4,Travel,55,Female,170166,Rural,5,1
527,420.67,13.75,Retail,44,Female,30589,Urban,5,0
528,280.67,14.82,Online,51,Female,77221,Rural,3,0
529,65.81,38.56,Travel,32,Female,21657,Rural,0,0
530,866.08,25.93,Retail,49,Male,118300,Urban,2,0
531,814.77,15.01,Restaurant,78,Female,137229,Rural,0,0
532,999.72,29.33,Online,75,Female,59531,Suburban,3,1
533,996.67,34.4,Travel,38,Male,72227,Rural,1,0
534,559.88,13.16,Retail,63,Female,23164,Urban,0,0
535,771.3,19.91,Retail,22,Female,113078,Urban,5,1
536,945.32,5.94,Restaurant,23,Male,61247,Suburban,2,0
537,851.15,8.78,Travel,55,Male,170673,Urban,2,1
538,254.87,32.73,Restaurant,79,Male,70599,Urban,1,0
539,456.04,8.79,Restaurant,39,Female,155624,Suburban,0,0
540,137.87,25.26,Travel,79,Female,160489,Rural,3,0
541,954.51,34.06,Travel,35,Male,88207,Suburban,1,0
542,610.11,5.22,Travel,31,Male,92055,Rural,0,1
543,236.36,27.27,Online,27,Female,122266,Suburban,4,0
544,674.98,12.39,Travel,63,Male,98270,Rural,2,1
545,621.95,46.22,Retail,30,Female,131426,Suburban,3,1
546,364.58,23.26,Restaurant,48,Male,154794,Rural,5,1
547,122.42,38.71,Online,47,Male,90442,Suburban,3,1
548,674.86,26.46,Travel,20,Female,115632,Rural,5,1
549,525.1,2.18,Online,47,Male,191103,Suburban,3,1
550,774.6,30.43,Travel,23,Male,41438,Urban,2,0
551,524.96,45.67,Online,46,Male,78819,Rural,5,1
552,853.66,28.92,Restaurant,25,Female,63856,Suburban,0,0
553,556.39,39.34,Restaurant,61,Male,184648,Rural,5,1
554,565.33,42.45,Retail,62,Male,61938,Rural,1,0
555,877.89,11.03,Retail,60,Male,79807,Suburban,0,1
556,409.45,10.26,Travel,61,Male,69877,Rural,1,0
557,142.68,29.37,Restaurant,50,Male,63461,Suburban,3,1
558,38.49,19.79,Online,34,Male,113474,Urban,0,0
559,757.59,40.33,Online,65,Female,191541,Rural,3,1
560,624.11,43.21,Online,28,Female,103136,Urban,4,1
561,707.04,17.03,Retail,30,Male,40435,Rural,3,1
562,220.83,11.45,Online,67,Female,165263,Rural,3,1
563,145.01,37.49,Retail,28,Female,104726,Rural,1,0
564,24.4,13.26,Retail,48,Male,178458,Suburban,5,0
565,357.08,39.5,Travel,45,Female,182793,Urban,4,1
566,594.02,20.4,Online,61,Female,74786,Rural,3,1
567,398.32,32.08,Online,23,Female,33704,Suburban,3,0
568,443.1,4.68,Restaurant,58,Female,76635,Rural,4,1
569,905.12,29.98,Travel,33,Female,153195,Suburban,4,1
570,354.77,21.74,Restaurant,21,Female,110710,Rural,0,0
571,518.85,28.2,Travel,52,Female,82993,Urban,1,1
572,785.82,8.15,Online,77,Female,132752,Urban,4,1
573,402.58,35.4,Retail,65,Male,176488,Rural,4,1
574,625.87,41.43,Retail,73,Male,152886,Suburban,2,0
575,863.74,10.48,Retail,76,Female,98537,Rural,5,1
576,950.03,4.68,Retail,43,Female,70258,Suburban,4,1
577,155.6,1.23,Retail,79,Male,167580,Rural,1,0
578,927.32,30.85,Restaurant,74,Female,105166,Suburban,5,1
579,497.2,29.18,Travel,29,Female,133710,Urban,5,1
580,265.66,26.29,Online,28,Male,55699,Rural,3,1
581,464.54,11.21,Restaurant,54,Male,66335,Urban,3,1
582,980.23,18.82,Travel,42,Male,66806,Urban,3,1
583,497.69,28.58,Retail,35,Female,97853,Rural,3,0
584,335.46,23.9,Travel,36,Female,55739,Rural,2,0
585,637.07,47.41,Travel,40,Male,54785,Suburban,4,1
586,247.74,6.64,Retail,72,Male,183052,Suburban,3,0
587,85.1,33.4,Retail,55,Female,105016,Urban,0,0
588,137.59,19.47,Retail,71,Male,152681,Suburban,3,1
589,136.77,20.61,Online,35,Female,86253,Suburban,4,0
590,160.38,34.47,Retail,43,Female,111128,Rural,3,0
591,147.44,33.27,Online,23,Male,179213,Suburban,2,0
592,644.47,47.58,Retail,21,Male,181081,Urban,1,0
593,190.06,6.25,Online,61,Female,147581,Suburban,1,0
594,352.21,5.09,Travel,68,Male,130966,Urban,4,1
595,897.82,34.8,Restaurant,46,Male,157854,Rural,1,1
596,479.22,27.8,Travel,76,Male,119352,Urban,1,0
597,670.88,13.23,Travel,78,Male,177005,Suburban,0,0
598,180.6,3.9,Retail,51,Female,97154,Rural,4,0
599,200.37,4.2,Online,34,Female,159379,Suburban,4,1
600,50.46,42.93,Restaurant,60,Female,128297,Rural,1,0
601,177.25,9.29,Retail,60,Female,58346,Rural,1,0
602,285.8,15.59,Retail,70,Male,132138,Suburban,1,0
603,185.24,10.96,Retail,33,Male,70772,Suburban,5,1
604,97.82,17.1,Travel,19,Female,60149,Rural,2,0
605,129.43,3.43,Online,51,Female,106700,Rural,3,1
606,466.17,24.96,Online,72,Male,178598,Suburban,2,0
607,214.27,3.34,Restaurant,25,Female,116758,Urban,4,1
608,370.63,38.44,Online,30,Female,148447,Suburban,0,0
609,508.38,11.29,Online,59,Male,25695,Rural,3,1
610,693.49,25.97,Retail,25,Female,59169,Suburban,0,0
611,48.92,42.26,Retail,47,Male,67947,Urban,5,0
612,801.42,31.28,Travel,49,Male,198296,Suburban,4,1
613,631.62,25.63,Retail,53,Female,65865,Rural,5,1
614,90.94,15.64,Retail,64,Male,176625,Suburban,4,0
615,874.84,16.05,Retail,47,Female,124501,Rural,0,1
616,921.66,32.17,Retail,18,Male,80410,Rural,0,0
617,70.47,47.72,Travel,60,Female,123754,Suburban,0,0
618,284.11,31.8,Retail,56,Female,110895,Rural,4,0
619,808.14,26.82,Restaurant,34,Female,175888,Rural,1,0
620,750.78,35.1,Restaurant,76,Male,70705,Urban,0,0
621,192.68,22.38,Restaurant,37,Male,135700,Urban,5,1
622,217.26,2.98,Restaurant,41,Female,93914,Urban,3,1
623,376.77,27.03,Retail,67,Male,21881,Urban,4,1
624,489.68,45.97,Restaurant,39,Female,190639,Rural,5,0
625,622.07,8.5,Retail,46,Female,67365,Suburban,2,0
626,375.22,33.15,Travel,39,Male,99211,Rural,2,0
627,467.91,9.72,Restaurant,61,Female,176078,Rural,3,1
628,750.0,25.77,Online,26,Male,61198,Rural,1,0
629,46.32,4.73,Restaurant,54,Female,173903,Suburban,0,0
630,259.91,21.67,Restaurant,27,Male,120649,Urban,4,1
631,716.22,36.32,Retail,53,Female,167531,Rural,5,1
632,896.25,16.75,Restaurant,54,Female,183515,Rural,0,0
633,516.56,31.95,Online,45,Male,193388,Urban,5,1
634,536.79,38.2,Retail,45,Female,156949,Rural,4,1
635,116.1,44.51,Retail,59,Female,59553,Suburban,2,0
636,452.94,11.34,Travel,80,Male,155994,Rural,0,0
637,537.29,19.23,Travel,60,Female,142778,Rural,3,1
638,250.05,7.4,Restaurant,38,Male,137018,Urban,1,0
639,276.55,47.64,Travel,41,Female,155758,Rural,3,1
640,383.51,44.5,Travel,59,Male,52766,Rural,1,0
641,29.87,25.96,Travel,77,Female,52006,Suburban,5,1
642,328.86,40.43,Retail,57,Female,51422,Urban,0,0
643,219.33,25.05,Retail,19,Female,136590,Urban,0,0
644,334.22,29.97,Retail,72,Male,32205,Suburban,1,0
645,128.56,4.37,Travel,25,Male,174599,Rural,2,0
646,891.62,36.28,Retail,65,Male,169515,Urban,4,1
647,597.66,6.22,Travel,44,Male,167596,Urban,3,1
648,682.31,39.67,Retail,39,Female,136477,Rural,5,1
649,791.28,37.56,Retail,54,Female,48202,Rural,3,1
650,503.46,34.05,Online,44,Male,197214,Urban,3,1
651,96.05,1.83,Restaurant,74,Male,81692,Rural,5,0
652,541.74,14.62,Travel,46,Male,40855,Urban,5,1
653,590.97,12.7,Online,20,Female,45095,Rural,0,1
654,747.99,17.35,Retail,61,Male,189796,Rural,3,1
655,437.34,4.3,Travel,30,Male,69241,Suburban,4,0
656,136.3,44.98,Retail,62,Female,123119,Rural,4,1
657,290.94,26.63,Restaurant,27,Female,72003,Suburban,1,0
658,369.45,14.73,Online,53,Male,114837,Rural,5,1
659,649.46,19.12,Restaurant,26,Female,114283,Urban,0,1
660,575.07,21.52,Online,71,Male,167044,Urban,4,1
661,362.54,28.87,Retail,73,Female,143805,Rural,2,0
662,986.65,24.8,Restaurant,72,Male,113846,Rural,0,0
663,609.72,44.14,Restaurant,44,Male,42927,Urban,0,0
664,244.85,23.9,Retail,51,Male,140589,Rural,4,1
665,110.76,47.62,Restaurant,68,Male,135657,Suburban,2,0
666,161.33,40.88,Travel,18,Female,86630,Suburban,1,0
667,253.5,10.09,Online,49,Female,124428,Suburban,4,0
668,169.07,44.68,Online,42,Female,142035,Suburban,2,0
669,194.7,5.67,Online,46,Female,146244,Suburban,0,0
670,292.24,39.26,Travel,24,Male,89518,Rural,2,0
671,181.64,18.33,Online,66,Male,196355,Rural,0,0
672,897.8,42.15,Retail,20,Female,101326,Suburban,4,1
673,89.43,41.68,Restaurant,37,Female,163277,Rural,5,0
674,529.27,38.7,Travel,37,Female,140243,Rural,4,1
675,416.29,37.94,Online,70,Female,32748,Suburban,3,0
676,982.55,14.69,Retail,47,Female,172169,Rural,3,1
677,120.92,3.98,Restaurant,52,Male,154164,Rural,3,1
678,403.88,19.4,Restaurant,52,Male,73311,Rural,4,0
679,969.78,8.41,Travel,66,Male,42692,Suburban,1,0
680,866.85,33.39,Travel,56,Female,144954,Rural,4,1
681,818.9,16.68,Travel,44,Female,174934,Urban,5,1
682,265.32,46.83,Retail,43,Female,150035,Urban,2,0
683,179.18,30.8,Retail,31,Female,99507,Suburban,4,1
684,671.96,39.5,Travel,34,Male,100152,Urban,4,1
685,930.08,6.45,Online,35,Male,24926,Suburban,0,0
686,561.2,41.39,Restaurant,62,Female,23969,Urban,0,0
687,575.9,44.3,Restaurant,69,Male,55733,Urban,0,1
688,287.18,23.43,Retail,46,Male,89855,Urban,4,1
689,771.8,29.14,Restaurant,37,Female,61743,Suburban,1,0
690,195.17,36.73,Online,70,Female,150193,Suburban,2,0
691,330.44,8.47,Restaurant,44,Female,190948,Rural,2,0
692,431.18,24.17,Retail,35,Female,127445,Suburban,5,1
693,512.53,19.2,Retail,21,Female,40323,Urban,1,1
694,249.99,7.11,Online,18,Female,36428,Urban,1,0
695,123.69,17.7,Online,67,Male,54578,Suburban,2,0
696,614.51,3.37,Restaurant,18,Male,106486,Suburban,3,1
697,295.74,1.34,Restaurant,75,Female,84140,Suburban,0,0
698,585.43,6.57,Retail,43,Male,127325,Rural,0,0
699,162.82,46.23,Online,62,Female,103829,Urban,2,0
700,486.33,26.42,Online,37,Female,26364,Rural,1,0
701,537.26,46.36,Online,69,Female,148867,Rural,5,1
702,61.31,20.82,Restaurant,40,Female,186421,Urban,3,0
703,343.24,15.04,Online,27,Male,151763,Urban,2,0
704,143.07,24.34,Retail,76,Female,115598,Suburban,0,0
705,72.74,21.15,Retail,28,Male,196968,Suburban,4,0
706,990.06,5.16,Restaurant,58,Female,77062,Rural,1,0
707,329.13,30.8,Travel,58,Female,164933,Suburban,4,0
708,811.78,10.45,Restaurant,22,Female,108302,Suburban,5,1
709,262.09,29.78,Travel,75,Male,83928,Urban,2,0
710,684.69,31.24,Online,18,Female,61347,Urban,0,0
711,762.63,7.38,Restaurant,34,Female,23121,Suburban,3,1
712,599.68,3.04,Retail,39,Female,103793,Urban,4,1
713,476.86,37.5,Online,51,Male,48164,Suburban,3,1
714,417.72,22.12,Retail,73,Male,45491,Urban,5,1
715,355.38,2.89,Online,62,Male,79222,Urban,0,0
716,930.23,47.75,Restaurant,58,Female,174237,Urban,4,1
717,832.31,2.87,Travel,46,Male,23748,Urban,5,1
718,965.38,33.39,Online,21,Female,46553,Suburban,3,1
719,133.05,47.22,Travel,22,Male,136547,Rural,3,1
720,733.56,11.56,Online,28,Male,80380,Urban,4,1
721,938.96,6.91,Retail,73,Female,64331,Suburban,0,0
722,189.42,5.91,Retail,68,Male,140617,Suburban,3,1
723,75.83,14.63,Online,38,Female,59560,Urban,2,0
724,743.71,4.94,Travel,52,Female,73865,Rural,5,1
725,578.73,33.25,Restaurant,29,Male,197758,Urban,4,1
726,843.41,3.08,Restaurant,43,Female,95910,Suburban,1,0
727,148.37,24.5,Retail,68,Female,155747,Rural,1,0
728,797.31,47.84,Restaurant,36,Male,97986,Suburban,0,0
729,209.61,39.09,Retail,62,Male,30068,Urban,2,0
730,172.02,29.57,Restaurant,77,Female,74460,Rural,3,1
731,172.62,14.77,Online,24,Male,120766,Suburban,1,0
732,816.43,29.98,Retail,64,Female,66418,Suburban,0,0
733,668.55,25.35,Retail,72,Female,46206,Suburban,5,1
734,527.83,20.51,Online,24,Male,148180,Urban,2,1
735,365.24,6.36,Retail,43,Male,20287,Rural,2,0
736,878.43,42.57,Restaurant,57,Male,42337,Urban,0,1
737,398.52,21.64,Restaurant,22,Male,171738,Urban,0,0
738,818.43,9.42,Retail,38,Female,152233,Urban,3,1
739,444.74,17.72,Restaurant,31,Female,120667,Rural,0,0
740,383.17,19.94,Travel,21,Male,110071,Urban,3,0
741,468.05,39.74,Retail,40,Male,118064,Urban,3,1
742,308.36,35.24,Online,59,Female,189823,Urban,4,1
743,750.13,36.95,Travel,37,Female,126511,Urban,2,0
744,507.69,0.63,Retail,32,Female,165830,Suburban,5,1
745,239.89,20.03,Online,67,Female,23178,Urban,2,0
746,900.58,23.16,Restaurant,69,Male,51831,Suburban,2,0
747,390.05,1.02,Online,62,Female,153248,Urban,4,0
748,548.12,12.55,Travel,46,Female,123306,Rural,3,1
749,907.41,36.52,Restaurant,25,Male,184726,Suburban,3,1
750,628.0,6.67,Retail,58,Female,177699,Suburban,0,1
751,125.73,25.74,Restaurant,65,Female,132025,Suburban,4,1
752,940.43,10.41,Retail,36,Male,195982,Suburban,0,0
753,631.43,0.68,Retail,65,Male,110417,Rural,4,1
754,341.56,11.65,Online,56,Male,186494,Urban,0,0
755,147.88,46.84,Online,63,Female,31984,Suburban,1,0
756,796.08,38.49,Online,45,Female,109312,Rural,2,1
757,623.87,46.06,Travel,63,Male,103291,Suburban,2,0
758,538.13,23.47,Travel,74,Male,27135,Urban,5,1
759,894.95,5.36,Online,44,Female,20320,Suburban,3,1
760,790.71,26.35,Travel,21,Male,172756,Rural,5,1
761,160.16,21.86,Restaurant,75,Male,108774,Urban,1,0
762,318.6,40.54,Restaurant,32,Male,172961,Rural,5,0
763,256.0,4.8,Travel,52,Female,118071,Urban,2,0
764,746.51,23.49,Travel,54,Female,199971,Urban,3,1
765,43.2,7.29,Restaurant,18,Female,161842,Urban,1,0
766,574.19,15.65,Retail,20,Female,190393,Suburban,2,0
767,764.83,35.42,Restaurant,64,Female,129863,Rural,0,0
768,878.0,22.9,Restaurant,41,Female,61777,Rural,4,1
769,348.66,18.11,Travel,44,Male,66250,Rural,1,0
770,823.04,19.0,Restaurant,57,Female,93034,Urban,3,1
771,119.53,22.11,Travel,80,Female,124940,Suburban,5,1
772,847.99,37.7,Travel,78,Male,60130,Urban,5,1
773,136.21,42.83,Online,53,Female,153609,Rural,1,0
774,403.31,45.86,Restaurant,51,Female,35216,Suburban,3,1
775,799.32,37.79,Retail,46,Male,104149,Suburban,1,0
776,158.42,15.21,Online,41,Male,23009,Suburban,3,1
777,236.96,33.06,Travel,41,Male,109904,Rural,5,1
778,725.03,21.06,Travel,59,Female,180399,Suburban,2,0
779,722.84,12.3,Retail,21,Male,165281,Suburban,0,0
780,644.74,40.38,Travel,20,Female,199515,Urban,2,0
781,697.01,1.94,Restaurant,51,Female,35029,Urban,0,0
782,547.3,43.29,Online,74,Female,122171,Suburban,5,1
783,259.28,22.2,Travel,66,Female,134456,Suburban,2,0
784,352.24,30.62,Travel,40,Male,82559,Urban,2,0
785,189.78,31.68,Retail,70,Male,84892,Urban,1,0
786,909.37,42.98,Restaurant,73,Female,90409,Urban,4,1
787,587.56,30.6,Travel,69,Male,159707,Rural,5,1
788,406.84,29.51,Retail,40,Female,53065,Rural,3,1
789,467.39,3.29,Travel,62,Female,140544,Urban,5,1
790,947.81,24.93,Retail,22,Female,127340,Suburban,3,1
791,161.82,7.29,Retail,48,Male,53783,Urban,3,1
792,590.37,35.42,Restaurant,79,Female,54152,Rural,0,0
793,510.83,24.64,Travel,70,Female,78741,Suburban,3,1
794,615.34,32.68,Restaurant,79,Male,127049,Rural,3,1
795,27.93,2.1,Retail,58,Male,49092,Suburban,1,0
796,873.4,4.16,Online,74,Male,168725,Rural,2,0
797,932.8,34.41,Travel,78,Male,191541,Suburban,5,1
798,569.48,3.55,Online,74,Female,106483,Suburban,5,1
799,699.68,3.51,Travel,77,Male,141585,Suburban,3,1
800,923.27,0.68,Restaurant,71,Female,79754,Suburban,4,1
801,710.17,45.92,Restaurant,23,Male,181050,Rural,5,1
802,161.01,35.43,Restaurant,54,Male,107592,Rural,3,0
803,580.53,17.02,Restaurant,74,Male,114543,Suburban,0,1
804,610.65,14.3,Restaurant,27,Male,63169,Suburban,0,0
805,429.89,16.85,Online,57,Male,199359,Rural,0,0
806,739.08,37.21,Restaurant,24,Male,74745,Suburban,3,1
807,935.02,31.78,Retail,56,Female,130168,Suburban,1,0
808,926.31,8.97,Retail,55,Male,133985,Suburban,4,1
809,456.33,8.44,Online,38,Male,25543,Urban,3,1
810,122.11,4.81,Travel,78,Male,41067,Suburban,1,0
811,984.99,31.73,Retail,37,Male,71033,Urban,1,1
812,840.51,36.71,Travel,20,Female,65256,Suburban,5,1
813,133.42,12.8,Online,68,Male,173263,Rural,3,1
814,921.63,1.1,Travel,39,Male,106803,Urban,3,1
815,871.2,4.04,Travel,64,Male,138843,Urban,1,1
816,523.65,46.46,Travel,21,Male,48992,Suburban,1,0
817,595.36,14.25,Travel,45,Female,68803,Suburban,1,0
818,405.01,36.95,Online,29,Male,129975,Urban,5,0
819,64.21,30.02,Retail,55,Female,164282,Rural,3,1
820,341.85,18.39,Restaurant,68,Male,46270,Rural,1,0
821,804.82,9.95,Travel,80,Female,156269,Suburban,0,0
822,14.59,5.91,Retail,53,Female,27452,Rural,3,0
823,340.16,29.56,Retail,64,Male,61486,Rural,5,0
824,404.19,37.2,Online,58,Male,34859,Suburban,0,0
825,542.02,30.94,Retail,22,Female,178308,Rural,2,1
826,920.66,25.5,Online,30,Female,182971,Suburban,3,1
827,352.88,2.11,Travel,40,Male,52083,Urban,2,0
828,353.48,46.49,Travel,75,Female,87708,Suburban,1,0
829,740.13,38.36,Restaurant,67,Female,131462,Urban,5,1
830,457.7,14.13,Restaurant,47,Female,167735,Urban,1,0
831,232.36,47.04,Restaurant,79,Male,113076,Rural,5,0
832,457.92,28.93,Retail,54,Female,39053,Rural,4,1
833,149.45,28.0,Travel,42,Female,162157,Rural,1,0
834,184.62,35.93,Online,65,Female,181636,Suburban,2,0
835,503.38,38.98,Restaurant,44,Male,109745,Rural,5,1
836,424.74,31.55,Online,68,Male,89517,Urban,1,0
837,915.7,6.24,Online,31,Female,172225,Rural,3,1
838,368.77,16.3,Restaurant,74,Male,156319,Rural,5,0
839,584.78,44.56,Travel,79,Female,161625,Suburban,5,1
840,635.94,10.86,Restaurant,65,Male,171883,Suburban,1,0
841,22.96,17.93,Online,76,Male,157207,Urban,4,1
842,666.9,20.8,Restaurant,64,Female,156645,Suburban,1,0
843,186.26,21.15,Online,71,Male,99267,Rural,2,0
844,961.46,29.46,Online,53,Male,158261,Suburban,2,0
845,157.18,45.27,Restaurant,56,Male,100077,Urban,5,1
846,420.48,11.63,Retail,33,Female,194718,Rural,5,0
847,94.5,5.92,Restaurant,73,Male,96623,Urban,1,0
848,996.91,9.56,Retail,39,Male,151004,Suburban,2,1
849,507.17,42.58,Online,38,Female,73687,Suburban,2,1
850,599.43,31.03,Online,71,Male,88312,Urban,4,1
851,76.41,13.79,Retail,38,Male,127615,Rural,3,0
852,752.46,39.18,Online,25,Male,150976,Suburban,4,1
853,217.81,41.36,Retail,66,Male,47564,Suburban,0,0
854,899.07,40.65,Retail,33,Male,48835,Rural,4,1
855,213.09,44.12,Online,76,Female,27697,Suburban,1,0
856,198.78,12.18,Travel,72,Female,100165,Urban,3,1
857,46.18,36.27,Retail,48,Male,168118,Suburban,1,0
858,477.35,22.16,Restaurant,59,Male,77823,Suburban,0,0
859,569.19,40.43,Restaurant,27,Male,29615,Rural,3,1
860,75.05,34.99,Online,49,Female,156132,Urban,5,0
861,777.77,37.29,Travel,76,Female,150499,Rural,2,1
862,458.76,31.53,Online,51,Male,96436,Suburban,4,0
863,529.15,8.6,Travel,80,Male,140562,Suburban,1,0
864,446.36,26.21,Retail,79,Female,91117,Rural,0,0
865,406.76,47.27,Retail,26,Male,54782,Rural,2,0
866,564.04,45.0,Retail,34,Female,98533,Rural,4,1
867,163.69,2.17,Retail,28,Female,92684,Urban,2,0
868,190.11,7.99,Restaurant,49,Male,99558,Suburban,4,1
869,863.17,6.41,Restaurant,27,Female,101422,Rural,5,1
870,946.65,34.87,Online,39,Male,176328,Suburban,3,1
871,379.58,39.27,Travel,74,Male,181077,Urban,2,0
872,278.04,10.33,Retail,34,Male,26638,Urban,2,0
873,647.56,24.33,Retail,21,Male,57419,Urban,2,1
874,414.65,40.37,Travel,65,Male,53377,Urban,3,1
875,35.13,35.2,Travel,69,Male,126244,Suburban,0,0
876,164.59,26.07,Online,64,Female,194188,Urban,4,1
877,718.81,28.38,Travel,42,Female,187706,Urban,5,1
878,662.33,24.45,Retail,76,Female,43382,Rural,2,0
879,36.83,14.35,Retail,38,Female,173466,Urban,3,0
880,229.75,27.16,Retail,54,Male,87789,Rural,0,0
881,238.76,33.1,Retail,55,Female,130634,Urban,4,0
882,675.17,41.93,Retail,66,Female,151936,Urban,3,1
883,29.51,30.58,Online,18,Female,119572,Rural,5,1
884,113.07,36.56,Retail,80,Male,191294,Urban,5,0
885,801.92,7.77,Online,42,Female,164738,Suburban,4,1
886,186.76,22.21,Retail,68,Male,143664,Suburban,2,0
887,656.22,0.55,Restaurant,53,Female,172027,Urban,5,1
888,245.8,11.92,Restaurant,34,Male,130674,Suburban,0,0
889,108.45,34.9,Restaurant,58,Male,123533,Rural,3,1
890,250.74,47.61,Restaurant,80,Female,101845,Urban,0,0
891,725.04,4.85,Online,41,Male,89590,Urban,2,0
892,857.14,19.33,Online,19,Male,147775,Rural,0,0
893,831.92,38.42,Travel,57,Female,86471,Rural,0,0
894,403.21,9.87,Retail,32,Female,63298,Rural,1,0
895,671.4,26.69,Restaurant,49,Female,68924,Urban,0,0
896,212.93,35.21,Online,56,Male,167781,Rural,4,0
897,300.22,29.61,Retail,76,Male,29726,Rural,3,0
898,897.37,9.11,Retail,23,Male,60542,Suburban,1,1
899,22.87,17.12,Online,18,Female,171317,Suburban,3,0
900,94.65,37.64,Restaurant,64,Male,54753,Urban,3,1
901,215.81,26.65,Travel,40,Male,99788,Suburban,2,0
902,36.27,0.35,Retail,75,Male,41316,Suburban,2,0
903,189.62,36.55,Travel,56,Male,104698,Rural,1,0
904,587.21,1.79,Restaurant,78,Male,35960,Rural,5,1
905,427.21,35.82,Restaurant,79,Male,50791,Suburban,2,0
906,893.74,9.8,Travel,74,Male,45216,Suburban,2,1
907,819.27,45.99,Restaurant,34,Female,183539,Suburban,2,1
908,348.4,17.72,Retail,51,Female,84427,Urban,3,1
909,266.83,15.76,Travel,76,Female,132470,Urban,1,0
910,385.9,7.23,Restaurant,58,Male,93290,Urban,3,1
911,594.39,14.74,Travel,46,Male,67014,Suburban,4,1
912,275.38,42.09,Retail,26,Female,155150,Suburban,3,1
913,627.91,47.82,Restaurant,30,Male,70519,Urban,4,1
914,415.32,17.74,Retail,23,Female,24042,Urban,0,0
915,556.53,21.59,Restaurant,23,Male,69052,Suburban,0,0
916,441.77,34.69,Online,37,Male,34389,Rural,4,0
917,301.52,42.55,Restaurant,69,Female,115961,Urban,4,1
918,948.97,28.51,Travel,70,Female,88111,Suburban,3,1
919,765.97,18.85,Restaurant,20,Female,125058,Suburban,4,1
920,148.71,19.86,Retail,34,Female,113715,Rural,1,0
921,869.78,33.42,Retail,80,Female,70733,Suburban,0,0
922,492.56,0.25,Restaurant,66,Male,54754,Suburban,0,0
923,895.61,29.78,Travel,29,Male,169696,Urban,5,1
924,801.86,17.13,Online,65,Male,105886,Urban,4,1
925,430.96,38.14,Travel,64,Female,177753,Rural,2,0
926,32.24,4.55,Online,62,Female,109524,Rural,2,0
927,275.99,28.27,Retail,72,Female,101006,Suburban,4,1
928,546.22,23.14,Travel,18,Female,44704,Urban,1,1
929,637.14,30.87,Online,34,Female,114913,Rural,2,1
930,265.31,3.21,Restaurant,20,Female,114108,Rural,5,1
931,147.96,27.88,Retail,43,Male,27493,Rural,4,1
932,836.58,27.0,Restaurant,32,Male,89639,Suburban,1,0
933,984.56,26.96,Retail,53,Male,74383,Urban,1,0
934,530.43,29.01,Travel,49,Male,154066,Rural,3,1
935,179.96,32.5,Travel,49,Male,67234,Urban,1,0
936,279.58,38.66,Retail,21,Female,198363,Rural,2,0
937,28.21,13.02,Retail,35,Female,148674,Rural,2,0
938,915.16,39.62,Retail,66,Female,25594,Urban,4,1
939,126.57,23.97,Travel,36,Female,27371,Urban,4,0
940,580.75,3.79,Online,60,Female,67315,Urban,1,0
941,281.31,2.9,Restaurant,69,Female,147251,Suburban,5,1
942,558.64,16.11,Restaurant,52,Male,99526,Rural,0,1
943,654.91,37.7,Travel,57,Female,167698,Suburban,3,1
944,831.44,34.0,Restaurant,31,Female,106005,Urban,0,0
945,214.36,37.87,Retail,75,Female,125573,Rural,1,0
946,20.89,24.88,Online,50,Female,158202,Suburban,1,0
947,145.52,21.19,Restaurant,31,Male,157900,Rural,0,0
948,901.02,7.16,Online,51,Male,77514,Suburban,3,1
949,875.15,15.82,Retail,78,Female,168955,Urban,0,0
950,601.44,20.89,Restaurant,72,Male,194131,Suburban,4,1
951,604.51,4.34,Travel,21,Male,194004,Rural,2,0
952,668.39,10.67,Online,41,Female,95986,Rural,5,1
953,183.62,28.75,Retail,76,Female,105959,Rural,4,0
954,915.27,35.34,Online,46,Female,22035,Rural,2,0
955,424.58,47.92,Restaurant,36,Female,129767,Urban,5,1
956,389.31,44.8,Restaurant,23,Female,191817,Suburban,5,0
957,523.73,30.88,Travel,74,Male,37241,Urban,5,1
958,56.5,20.28,Retail,50,Female,72975,Urban,1,0
959,174.62,30.57,Retail,66,Female,174226,Urban,5,0
960,740.65,37.73,Travel,57,Female,176697,Rural,3,1
961,91.97,5.77,Travel,36,Male,196022,Rural,0,0
962,607.12,19.73,Retail,70,Female,76396,Rural,3,1
963,252.9,40.33,Online,18,Female,138920,Suburban,0,0
964,395.4,18.49,Online,22,Female,164403,Rural,4,1
965,295.81,27.49,Travel,44,Male,106226,Suburban,4,1
966,362.12,28.25,Online,33,Female,104719,Rural,0,0
967,721.86,8.94,Retail,23,Female,83014,Rural,3,1
968,304.15,17.45,Restaurant,57,Female,59346,Urban,0,0
969,570.74,16.12,Restaurant,30,Male,90411,Urban,5,1
970,481.29,1.35,Online,65,Female,163326,Urban,1,0
971,667.03,1.26,Travel,79,Female,179693,Suburban,4,1
972,937.46,39.94,Travel,52,Female,96441,Suburban,1,1
973,735.25,13.18,Travel,36,Male,66121,Rural,5,1
974,222.79,24.92,Travel,29,Female,80197,Suburban,5,1
975,40.87,14.41,Travel,33,Female,104577,Rural,4,0
976,269.64,45.16,Online,76,Female,114634,Suburban,4,0
977,599.13,12.52,Restaurant,60,Male,193503,Suburban,5,1
978,60.91,20.68,Restaurant,27,Male,120211,Suburban,2,0
979,501.4,41.9,Online,42,Female,155909,Urban,1,0
980,600.87,40.43,Travel,37,Male,163687,Suburban,1,0
981,340.9,9.01,Online,48,Male,21466,Urban,2,0
982,773.2,38.55,Restaurant,21,Male,50771,Urban,3,1
983,115.53,22.05,Retail,61,Female,103886,Suburban,1,0
984,84.39,23.23,Online,40,Female,85911,Rural,0,0
985,730.91,6.49,Travel,19,Male,171818,Rural,5,1
986,500.54,3.96,Restaurant,73,Male,108422,Rural,5,1
987,691.52,34.97,Restaurant,39,Male,93369,Suburban,2,1
988,440.48,23.88,Restaurant,68,Female,21893,Rural,1,0
989,253.94,21.03,Restaurant,74,Female,50573,Urban,3,0
990,820.91,35.04,Travel,54,Male,116907,Rural,1,0
991,801.42,36.77,Retail,25,Male,191946,Suburban,5,1
992,697.75,7.71,Restaurant,24,Male,119956,Rural,4,1
993,279.42,29.33,Online,31,Male,138580,Urban,0,0
994,594.33,6.58,Retail,73,Female,184439,Suburban,2,0
995,367.36,36.09,Restaurant,72,Male,172271,Rural,4,1
996,100.67,31.57,Retail,20,Female,111404,Suburban,3,0
997,918.14,45.92,Online,67,Male,77724,Suburban,4,1
998,145.45,3.4,Restaurant,33,Male,106133,Suburban,4,1
999,950.73,2.83,Online,72,Male,187477,Rural,3,1
1000,451.55,13.62,Travel,36,Male,35989,Suburban,4,1
